type,labels,number_of_crashes,center_lat,center_lng
Ясно,1,2,55.746484,37.4194605
Ясно,2,2,55.5523845,37.5343875
Ясно,3,2,55.7776955,37.584856
Ясно,2049,2,55.8295405,37.589330000000004
Ясно,2050,2,55.746952,37.663611
Ясно,2054,3,55.676763666666666,37.566054
Ясно,10,2,55.821387,37.623673
Ясно,12,2,55.746314999999996,37.681952
Ясно,2062,2,55.5713845,37.2022175
Ясно,2064,2,55.811099999999996,37.5790415
Ясно,17,2,55.747973,37.8767505
Ясно,18,2,55.7768925,37.529587
Ясно,19,2,55.6416825,37.35844
Ясно,2070,2,55.7463695,37.841699000000006
Ясно,24,2,55.621750500000005,37.6149935
Ясно,2074,2,55.9017125,37.6189255
Ясно,28,2,55.7557765,37.737843999999996
Ясно,29,2,55.727826,37.6230135
Ясно,30,2,55.839362,37.3635845
Ясно,31,4,55.7265965,37.54883425
Ясно,2079,2,55.720119,37.778356
Ясно,37,2,55.7474475,37.4953615
Ясно,2085,4,55.77467825,37.53993175
Ясно,40,3,55.87075466666667,37.632511666666666
Ясно,44,2,55.5648755,37.178641
Ясно,45,2,55.679846999999995,37.850019
Ясно,46,2,55.794807,37.708420000000004
Ясно,2098,2,55.733154,37.6243595
Ясно,58,4,55.72452825,37.82740825
Ясно,2107,3,55.83293333333334,37.396102
Ясно,2110,2,55.807075499999996,37.615841
Ясно,62,2,55.6755,37.50432
Ясно,2111,2,55.7993125,37.5345755
Ясно,64,2,55.7152575,37.4086455
Ясно,69,3,55.79723233333333,37.769244
Ясно,2118,2,55.910583,37.5826835
Ясно,70,2,55.7333595,37.57601
Ясно,2120,2,55.723207,37.622391
Ясно,2119,2,55.717698999999996,37.568334
Ясно,77,2,55.9090465,37.555266
Ясно,82,2,55.7470945,37.814936
Ясно,2131,2,55.791634,37.5739935
Ясно,85,2,55.536946,37.496885
Ясно,86,3,55.59241866666667,37.525374
Ясно,89,2,55.7939205,37.572153
Ясно,90,3,55.77521333333333,37.83606266666666
Ясно,91,2,55.679021000000006,37.532596
Ясно,2138,2,55.67678600000001,37.484155
Ясно,93,2,55.642497,37.594072
Ясно,96,2,55.6108265,37.717486
Ясно,97,3,55.853348,37.42135033333333
Ясно,2145,2,55.792137999999994,37.637271999999996
Ясно,98,4,55.746054,37.558299500000004
Ясно,100,3,55.74730066666667,37.582436666666666
Ясно,2151,2,55.597944,37.480346499999996
Ясно,104,2,55.566143,37.575425499999994
Ясно,106,2,55.796306,37.612408
Ясно,107,3,55.732092333333334,37.67096033333333
Ясно,108,2,55.774840999999995,37.684205
Ясно,109,2,55.6709355,37.62635
Ясно,110,3,55.658372666666665,37.54178533333334
Ясно,111,2,55.691283999999996,37.727453
Ясно,2160,2,55.821655,37.662565
Ясно,2159,2,55.885075,37.4745315
Ясно,2161,3,55.822588333333336,37.495018
Ясно,117,2,55.696052,37.554193
Ясно,119,2,55.673582499999995,37.1703475
Ясно,2167,2,55.7924005,37.558029
Ясно,121,2,55.901448,37.5871255
Ясно,124,2,55.810976499999995,37.5808705
Ясно,125,2,55.902314000000004,37.616415
Ясно,2173,2,55.792536,37.49209449999999
Ясно,2179,2,55.811027499999994,37.811771
Ясно,131,2,55.725651,37.4961605
Ясно,133,3,55.843558333333334,37.439228666666665
Ясно,140,3,55.69665966666667,37.806122333333334
Ясно,148,2,55.6535425,37.4893375
Ясно,149,2,55.567366,37.4815645
Ясно,154,2,55.856241499999996,37.6846075
Ясно,155,2,55.806491,37.394661
Ясно,2204,2,55.8131315,37.5826785
Ясно,2206,2,55.72043,37.673277999999996
Ясно,2213,2,55.7393245,37.7607285
Ясно,2214,2,55.762909,37.563152
Ясно,2216,2,55.739279499999995,37.531346
Ясно,2217,2,55.82472,37.432421
Ясно,170,2,55.642790500000004,37.4550425
Ясно,168,2,55.64649300000001,37.516920999999996
Ясно,176,2,55.747538,37.6508655
Ясно,177,2,55.647159,37.390927000000005
Ясно,183,2,55.5873135,37.547107
Ясно,185,2,55.429908499999996,36.961409
Ясно,186,3,55.634658333333334,37.699895999999995
Ясно,187,2,55.663873499999994,37.609071
Ясно,190,3,55.61748333333333,37.386392666666666
Ясно,192,3,55.861310333333336,37.347704
Ясно,193,3,55.800201666666666,37.33373866666667
Ясно,195,2,55.799713,37.728424000000004
Ясно,197,2,55.687005,37.573178
Ясно,199,2,55.760222999999996,37.407176
Ясно,201,2,55.690933,37.9528125
Ясно,2249,2,55.725796,37.6705635
Ясно,204,3,55.792502,37.639954
Ясно,205,2,55.705178000000004,37.8606465
Ясно,2254,2,55.5750485,37.564921999999996
Ясно,2255,2,55.774443000000005,37.697825
Ясно,214,2,55.761086500000005,37.838754
Ясно,2265,4,55.776448,37.58558825
Ясно,217,2,55.7889955,37.7502035
Ясно,2268,2,55.656490500000004,37.7428005
Ясно,221,3,55.703264,37.39720366666666
Ясно,224,2,55.75408,37.236432
Ясно,227,2,55.762113,37.8215985
Ясно,2277,3,55.647892666666664,37.54055866666667
Ясно,230,3,55.92262233333334,37.54532566666667
Ясно,2281,3,55.805098,37.515563666666665
Ясно,236,2,55.608375,37.523203
Ясно,237,2,55.86223,37.5047065
Ясно,240,2,55.6694165,37.453546
Ясно,243,2,55.7321095,37.604887000000005
Ясно,2297,2,55.66575,37.5496175
Ясно,250,2,55.857276999999996,37.6251375
Ясно,251,2,55.728107,37.474086
Ясно,252,4,55.6874075,37.4286175
Ясно,253,2,55.67102,37.551538
Ясно,257,2,55.8086885,37.776414
Ясно,258,2,55.252041,37.165321
Ясно,2314,4,55.738287,37.41168725
Ясно,268,2,55.836645000000004,37.483243
Ясно,269,3,55.80271,37.537336333333336
Ясно,270,2,55.868479,37.4075515
Ясно,271,2,55.7863805,37.6770705
Ясно,276,2,55.72898,37.3780685
Ясно,2326,2,55.540764499999995,37.5570685
Ясно,281,2,55.77469,37.5933695
Ясно,2329,3,55.745271333333335,37.570134333333336
Ясно,283,2,55.6898055,37.5935145
Ясно,285,3,55.884954,37.72075666666667
Ясно,286,3,55.674095666666666,37.797646666666665
Ясно,2335,2,55.8876415,37.6626345
Ясно,2336,2,55.587859,37.5436895
Ясно,2339,3,56.005728,37.204324
Ясно,292,2,55.580364,37.46581449999999
Ясно,2340,2,55.7866305,37.562749
Ясно,296,2,55.738295,37.4367875
Ясно,298,2,55.844374,37.453357999999994
Ясно,300,2,55.8044045,37.4095685
Ясно,308,3,55.877528,37.48905666666666
Ясно,2361,2,55.7843805,37.634735
Ясно,313,2,55.741721999999996,37.546935000000005
Ясно,319,2,55.7257325,37.417926
Ясно,323,2,55.8222665,37.660644500000004
Ясно,326,3,55.78059366666667,37.633069666666664
Ясно,2374,3,55.86802733333334,37.707424333333336
Ясно,328,2,55.5810585,37.642072999999996
Ясно,329,4,55.74546825,37.60059275
Ясно,2387,2,55.7818495,37.668101
Ясно,341,2,55.899164999999996,37.550009
Ясно,2389,2,55.732659,37.669382999999996
Ясно,344,4,55.951297749999995,37.554448
Ясно,2394,3,55.663531,37.509137333333335
Ясно,349,2,55.599566,37.50535
Ясно,350,2,55.8021495,37.839929
Ясно,352,2,55.600126,37.482235
Ясно,2400,2,55.8562505,37.4695695
Ясно,355,2,55.784543,37.599506500000004
Ясно,360,2,55.756082,37.5486305
Ясно,364,2,55.8644005,37.5480565
Ясно,2413,2,55.777949,37.460702
Ясно,2412,2,55.706732,37.45603
Ясно,368,3,55.739534,37.616075
Ясно,369,2,55.791743,37.552406500000004
Ясно,370,2,55.8581805,37.396994500000005
Ясно,373,2,55.984636,37.2344255
Ясно,374,2,55.7574975,37.8042985
Ясно,375,2,55.6419945,37.345656500000004
Ясно,376,2,55.704314,37.731718
Ясно,2430,2,55.8125045,37.503349
Ясно,385,2,55.8576235,37.673251
Ясно,387,2,55.862530500000005,37.6954655
Ясно,388,2,55.970961,37.182835499999996
Ясно,2438,2,55.7047945,37.6350025
Ясно,2447,2,55.900143,37.546345
Ясно,408,2,55.719705,37.451062
Ясно,2456,2,55.8518695,37.6458335
Ясно,412,2,55.7009705,37.5466455
Ясно,413,3,55.70512566666667,37.767273
Ясно,417,2,55.799619500000006,37.503022
Ясно,2466,2,55.7387965,37.5292805
Ясно,419,2,55.897324499999996,37.6438005
Ясно,423,2,55.56911,37.451379
Ясно,2476,3,55.80557433333333,37.636545999999996
Ясно,434,2,55.885484500000004,37.6086315
Ясно,436,3,55.715697666666664,37.88354866666666
Ясно,2484,2,55.7469675,37.556076
Ясно,437,2,55.693328,37.535884499999995
Ясно,2486,2,55.652441,37.8366885
Ясно,2488,3,55.808219333333334,37.570799666666666
Ясно,440,2,55.6707995,37.7482615
Ясно,2490,2,55.863018499999995,37.696585999999996
Ясно,443,2,55.703573000000006,37.8165295
Ясно,441,2,55.728614500000006,37.558747499999996
Ясно,2493,2,55.878226999999995,37.7337885
Ясно,447,2,55.761159,37.5791265
Ясно,449,2,55.693197999999995,37.5761925
Ясно,451,2,55.635573,37.6737555
Ясно,2503,2,55.8819975,37.4472535
Ясно,456,2,55.6725325,37.424459999999996
Ясно,458,2,55.731128,37.484783
Ясно,460,6,55.759210833333334,37.611655166666665
Ясно,461,2,55.6576765,37.5222265
Ясно,464,2,55.8522635,37.4396625
Ясно,466,2,55.894452,37.696141
Ясно,468,2,55.680385,37.557953499999996
Ясно,469,3,55.60963666666667,37.709105
Ясно,2517,2,55.757407,37.5946945
Ясно,473,4,55.76796575,37.5259495
Ясно,474,3,55.660757333333336,37.482029000000004
Ясно,476,3,55.650844666666664,37.75900133333333
Ясно,2524,2,55.813243,37.5952255
Ясно,477,2,55.886116,37.585811
Ясно,482,3,55.803252666666666,37.508404
Ясно,486,2,55.726732,37.6083145
Ясно,488,3,55.79552966666667,37.543351666666666
Ясно,490,2,55.531439,37.1531925
Ясно,2539,2,55.984030000000004,37.152913
Ясно,2540,2,55.8876865,37.586224
Ясно,492,3,55.800413,37.560886
Ясно,494,2,55.673914999999994,37.6011585
Ясно,2548,2,55.671029000000004,37.554397
Ясно,502,2,55.714375000000004,37.3935825
Ясно,2552,2,55.8195965,37.639568
Ясно,513,3,55.847383666666666,37.37343533333333
Ясно,517,2,55.751360500000004,37.4123575
Ясно,519,2,55.842603,37.3935825
Ясно,522,2,55.806503,37.725195
Ясно,524,3,55.878191666666666,37.546456
Ясно,2575,2,55.810424999999995,37.637583
Ясно,2576,2,55.672847000000004,37.6262695
Ясно,529,2,55.7384215,37.773759
Ясно,2581,2,55.662848499999996,37.4319165
Ясно,2585,3,55.752771,37.583227
Ясно,537,2,55.7342265,37.4242615
Ясно,539,3,55.70696766666667,37.66796333333333
Ясно,541,2,55.734970000000004,37.627776999999995
Ясно,2589,2,55.5483485,37.5862455
Ясно,548,2,55.769072,37.6922895
Ясно,550,2,55.727784,37.6692815
Ясно,553,2,55.726104,37.460525
Ясно,2604,2,55.778090500000005,37.459066
Ясно,556,2,55.808145499999995,37.5181815
Ясно,559,2,55.6996405,37.566617
Ясно,2608,2,55.766018,37.6532735
Ясно,561,2,55.7615025,37.684597
Ясно,564,2,55.887488000000005,37.557648
Ясно,565,3,55.82391033333334,37.82284133333333
Ясно,571,2,55.9581315,37.186837499999996
Ясно,2621,2,55.6099505,37.608700999999996
Ясно,575,2,55.591145499999996,37.475921
Ясно,578,2,55.643393,37.5261105
Ясно,580,2,55.940407,37.363316499999996
Ясно,588,2,55.754177,37.708805999999996
Ясно,2640,2,55.770523,37.6473195
Ясно,595,2,55.799279,37.40179
Ясно,2645,4,55.83208525,37.572655
Ясно,601,2,55.757262,37.6323845
Ясно,602,4,55.63279275,37.444936
Ясно,603,2,55.697914,37.7528425
Ясно,607,3,55.891662333333336,37.577083
Ясно,2657,2,55.802873,37.636086
Ясно,610,2,55.7049815,37.633211
Ясно,620,4,55.6390835,37.45894
Ясно,621,2,55.842925,37.491794
Ясно,622,2,55.6883995,37.5462005
Ясно,623,2,55.8128995,37.797920000000005
Ясно,625,2,55.7892695,37.454007000000004
Ясно,2675,2,55.8560425,37.7772615
Ясно,633,3,55.738737,37.49243633333333
Ясно,634,4,55.78161875,37.670137
Ясно,635,3,55.720798,37.70036433333333
Ясно,636,3,55.776494666666665,37.540823
Ясно,637,2,55.7825615,37.729272
Ясно,638,3,55.885060333333335,37.68720033333333
Ясно,646,2,55.646595500000004,37.718452
Ясно,648,2,55.6692565,37.4460625
Ясно,649,2,55.615274,37.659733
Ясно,661,2,55.691807,37.4697675
Ясно,666,2,55.8344065,37.3960285
Ясно,2717,2,55.759079,37.557487
Ясно,677,2,55.882448499999995,37.454178999999996
Ясно,2726,3,55.810096333333334,37.781782
Ясно,678,2,55.71125,37.724406
Ясно,682,2,55.7613395,37.539618000000004
Ясно,683,3,55.787865000000004,37.561004000000004
Ясно,686,2,55.733858,37.402729
Ясно,687,2,55.455163999999996,37.2938635
Ясно,2739,2,55.767195,37.622063499999996
Ясно,697,2,55.776784500000005,37.659996
Ясно,706,2,55.850102,37.432024
Ясно,708,2,55.810424999999995,37.6523135
Ясно,712,2,55.704054,37.8331695
Ясно,713,2,55.656411500000004,37.7271475
Ясно,714,2,55.700368999999995,37.626172999999994
Ясно,716,2,55.809689500000005,37.7806145
Ясно,2764,2,55.748633999999996,37.582689
Ясно,2766,2,55.7452315,37.421476999999996
Ясно,718,2,55.8359215,37.4128085
Ясно,721,2,55.8890795,37.712685
Ясно,725,4,55.7584845,37.61975425
Ясно,730,2,55.767053000000004,37.674178999999995
Ясно,734,2,55.715215,37.796906
Ясно,736,2,55.639863000000005,37.6899505
Ясно,738,2,55.89826,37.5603995
Ясно,742,2,55.754047,37.569916
Ясно,743,2,55.7736375,37.6322505
Ясно,749,2,55.8986685,37.595376
Ясно,755,4,55.74631225,37.5520125
Ясно,757,2,55.874868500000005,37.4339175
Ясно,771,2,55.5467375,37.515264
Ясно,776,2,55.779551,37.578172
Ясно,779,2,55.740964500000004,37.537611999999996
Ясно,781,2,55.857042,37.658794
Ясно,788,2,55.729402500000006,37.6120965
Ясно,791,2,55.655419,37.4805185
Ясно,799,2,55.840979000000004,37.663697
Ясно,800,3,55.809497,37.46412633333333
Ясно,801,2,55.8149945,37.638526999999996
Ясно,807,2,55.8178755,37.617257
Ясно,808,2,55.659526,37.406977499999996
Ясно,811,4,55.805642,37.582053
Ясно,828,2,55.769650999999996,37.596577499999995
Ясно,832,2,55.743987000000004,37.851456999999996
Ясно,835,2,55.669492500000004,37.5177255
Ясно,836,2,55.634613,37.519314
Ясно,837,3,55.581096,37.597092333333336
Ясно,839,2,55.726037500000004,37.839827
Ясно,842,2,55.6620735,37.6335275
Ясно,847,2,55.8098855,37.569412
Ясно,855,2,55.854116000000005,37.501219500000005
Ясно,863,3,55.75333166666667,37.82294666666667
Ясно,865,2,55.731553500000004,37.4947875
Ясно,866,2,55.62368,37.657072
Ясно,870,2,55.618145999999996,37.411022
Ясно,876,2,55.664364500000005,37.4753735
Ясно,877,2,55.88713,37.6977825
Ясно,885,2,55.721406,37.5584525
Ясно,888,2,55.8113265,37.482723
Ясно,895,2,55.713837,37.6648345
Ясно,899,3,55.746499666666665,37.534550333333335
Ясно,904,2,55.916674,37.5445855
Ясно,907,2,55.8834505,37.46693
Ясно,908,3,55.847983666666664,37.423396
Ясно,909,2,55.7843895,37.567679
Ясно,919,2,55.675915,37.5277035
Ясно,922,2,55.836747,37.658058999999994
Ясно,930,2,55.8091195,37.812141
Ясно,938,2,55.899992,37.627551499999996
Ясно,951,2,55.5414415,37.503172500000005
Ясно,955,2,55.757319499999994,37.5584475
Ясно,956,2,55.740795500000004,37.657399
Ясно,960,2,55.7538085,37.839408500000005
Ясно,963,2,55.6520595,37.387504500000006
Ясно,968,2,55.81985,37.8005755
Ясно,969,3,55.656837333333335,37.741177
Ясно,970,2,55.6412285,37.500780000000006
Ясно,972,2,55.952528,37.34762
Ясно,977,3,55.649388,37.563050000000004
Ясно,979,2,55.7936035,37.634515
Ясно,980,2,55.669244,37.7632335
Ясно,984,3,55.71620133333333,37.40177033333333
Ясно,987,2,55.831616999999994,37.6420035
Ясно,990,2,55.767886000000004,37.564949
Ясно,991,2,55.685339,37.5804735
Ясно,994,2,55.79598,37.497244499999994
Ясно,1005,2,55.8788555,37.7208335
Ясно,1010,3,55.504762666666664,37.52994033333333
Ясно,1015,2,55.79936,37.8052265
Ясно,1016,2,55.629467500000004,37.5170875
Ясно,1021,2,55.7531595,37.605643
Ясно,1024,3,55.84551833333333,37.584697
Ясно,1035,2,55.775466,37.481039
Ясно,1037,2,55.784845000000004,37.585333500000004
Ясно,1047,2,55.757983499999995,37.637889
Ясно,1053,2,55.885833500000004,37.4045795
Ясно,1062,2,55.8086825,37.495903
Ясно,1072,2,55.762731,37.773405
Ясно,1073,2,55.7915135,37.686860499999995
Ясно,1078,2,55.658932500000006,37.515709
Ясно,1079,2,55.8518695,37.450928000000005
Ясно,1080,2,55.7115405,37.437581
Ясно,1084,2,55.664618000000004,37.602740999999995
Ясно,1089,2,55.7993,37.7339385
Ясно,1090,2,55.707022,37.392086000000006
Ясно,1102,3,55.708416,37.747524999999996
Ясно,1103,2,55.773754999999994,37.6186785
Ясно,1104,2,55.859457000000006,37.619725
Ясно,1105,2,55.742885,37.789604999999995
Ясно,1111,2,55.663502,37.5785315
Ясно,1117,2,55.736673499999995,37.854949000000005
Ясно,1129,2,55.859050999999994,37.5094055
Ясно,1130,2,55.8674285,37.563962000000004
Ясно,1137,3,55.779081,37.675016
Ясно,1143,2,55.800801500000006,37.4795205
Ясно,1148,3,55.82498666666667,37.64620166666667
Ясно,1153,2,55.770658999999995,37.6289085
Ясно,1157,3,55.643174,37.468947
Ясно,1168,2,55.7772425,37.6477485
Ясно,1169,2,55.873746,37.550379500000005
Ясно,1175,2,55.821432,37.49608
Ясно,1176,3,55.79938333333333,37.63513
Ясно,1179,2,55.6690935,37.5088855
Ясно,1190,2,55.70292,37.4640925
Ясно,1193,2,55.6565085,37.830697
Ясно,1196,5,55.81027,37.7994124
Ясно,1198,2,55.804543499999994,37.517596999999995
Ясно,1199,2,55.8158295,37.662313
Ясно,1200,3,55.77233866666667,37.58916033333333
Ясно,1202,2,55.943084,37.543437499999996
Ясно,1206,2,55.793914,37.819088
Ясно,1207,2,55.752752,37.574374
Ясно,1218,2,55.750074,37.565689500000005
Ясно,1220,2,55.848572,37.355924
Ясно,1222,2,55.8551485,37.7789355
Ясно,1231,2,55.798326,37.5363675
Ясно,1234,2,55.707766,37.918046
Ясно,1235,2,55.799529,37.5563605
Ясно,1237,2,55.7199015,37.599372
Ясно,1248,2,55.793775499999995,37.5473695
Ясно,1252,2,55.794635,37.4003685
Ясно,1257,2,55.764578,37.644819999999996
Ясно,1264,2,55.7111685,37.819276
Ясно,1270,2,55.793865999999994,37.695330999999996
Ясно,1274,3,55.807045333333335,37.504302
Ясно,1279,3,55.76306433333333,37.60341533333333
Ясно,1286,2,55.8570365,37.442597
Ясно,1291,3,55.767736,37.59306866666667
Ясно,1295,2,55.874790000000004,37.609355
Ясно,1301,2,55.88264100000001,37.4616835
Ясно,1303,2,55.8020315,37.526223
Ясно,1306,2,55.846491,37.435731000000004
Ясно,1307,3,55.815974000000004,37.717241
Ясно,1330,3,55.870987,37.71166233333334
Ясно,1333,2,55.704604,37.64101599999999
Ясно,1336,4,55.805627,37.513075
Ясно,1343,2,55.90567,37.587683
Ясно,1344,2,55.723307,37.4484175
Ясно,1348,2,55.727545,37.652174
Ясно,1350,3,55.636917,37.45601166666667
Ясно,1351,2,55.484921,37.518278499999994
Ясно,1354,2,55.784115,37.563833
Ясно,1356,2,55.764249500000005,37.3648135
Ясно,1360,2,55.7570805,37.615401
Ясно,1361,2,55.723624,37.1785495
Ясно,1363,2,55.8103615,37.522951
Ясно,1366,2,55.704069000000004,37.774386500000006
Ясно,1374,3,55.61592433333333,37.48665
Ясно,1380,2,55.757104999999996,37.5661505
Ясно,1394,2,55.735510500000004,37.374280999999996
Ясно,1396,2,55.7918935,37.589604
Ясно,1401,3,55.778639,37.580841666666664
Ясно,1402,4,55.751591250000004,37.7173975
Ясно,1403,2,55.760555,37.7359285
Ясно,1407,2,55.803283,37.823149
Ясно,1410,3,55.817704,37.39125966666667
Ясно,1422,2,55.8744565,37.4066665
Ясно,1436,2,55.738002,37.526443
Ясно,1450,3,55.73073933333333,37.42396466666666
Ясно,1472,2,55.743815,37.5713535
Ясно,1476,2,55.582134999999994,37.7046595
Ясно,1484,3,55.77342933333333,37.61340033333333
Ясно,1499,2,55.6804915,37.513804500000006
Ясно,1501,2,55.702482,37.8497455
Ясно,1506,3,55.910902,37.573836
Ясно,1508,2,55.7728645,37.605729
Ясно,1509,2,55.715239,37.575608
Ясно,1511,2,55.898368000000005,37.587034
Ясно,1512,3,55.63232466666667,37.619895
Ясно,1533,2,55.8897745,37.586117
Ясно,1539,2,55.601275,37.47804
Ясно,1560,2,55.7928285,37.714755499999995
Ясно,1561,2,55.813373,37.566526
Ясно,1566,2,55.738198,37.770143000000004
Ясно,1567,3,55.797171999999996,37.584142666666665
Ясно,1569,2,55.839425500000004,37.4808075
Ясно,1580,2,55.723884,37.406334
Ясно,1590,2,55.67223,37.4476125
Ясно,1615,3,55.592905333333334,37.292178666666665
Ясно,1616,3,55.84508066666667,37.392218
Ясно,1619,3,55.77789633333333,37.52297033333333
Ясно,1620,2,55.6440865,37.656223999999995
Ясно,1628,2,55.752773000000005,37.53229
Ясно,1637,2,55.8877375,37.6552
Ясно,1652,2,55.731668,37.491129
Ясно,1655,2,55.803434,37.552412000000004
Ясно,1667,2,55.767270499999995,37.5292005
Ясно,1672,4,55.7337795,37.40534675
Ясно,1682,2,55.734779,37.4869395
Ясно,1686,2,55.818798,37.4980065
Ясно,1696,2,55.7970835,37.7206835
Ясно,1698,2,55.8612155,37.6919355
Ясно,1701,2,55.611759500000005,37.491285
Ясно,1706,2,55.7420095,37.594673
Ясно,1707,2,55.670762999999994,37.4966435
Ясно,1712,2,55.877646,37.432024
Ясно,1725,2,55.6738335,37.4999
Ясно,1726,2,55.728602,37.493339
Ясно,1738,2,55.878591,37.486591000000004
Ясно,1743,3,55.868461,37.556494666666666
Ясно,1749,2,55.724648,37.6055095
Ясно,1751,2,55.8341415,37.5728505
Ясно,1754,2,55.747018999999995,37.685148999999996
Ясно,1756,2,55.72547,37.457252999999994
Ясно,1760,2,55.849457,37.440698499999996
Ясно,1767,3,55.92024766666667,37.54420266666667
Ясно,1782,2,55.6579035,37.412519
Ясно,1788,2,55.7782805,37.4576175
Ясно,1790,2,55.645058,37.5200375
Ясно,1801,2,55.661407999999994,37.6111795
Ясно,1802,3,55.773528,37.621597
Ясно,1812,2,55.761593500000004,37.369035
Ясно,1815,2,55.898013000000006,37.5927845
Ясно,1829,2,55.652247,37.7423505
Ясно,1832,2,55.852586,37.6784865
Ясно,1833,2,55.8006655,37.383127
Ясно,1838,3,55.764569333333334,37.605528666666665
Ясно,1840,3,55.743872333333336,37.698583666666664
Ясно,1841,2,55.676166,37.856360499999994
Ясно,1857,2,55.8497225,37.674533
Ясно,1866,3,55.784064666666666,37.699159333333334
Ясно,1883,2,55.8240265,37.523165500000005
Ясно,1894,2,55.9048495,37.542831
Ясно,1920,3,55.763295666666664,37.560650333333335
Ясно,1928,2,55.7563295,37.6305935
Ясно,1930,2,55.654039,37.5211645
Ясно,1945,2,55.801124,37.506412499999996
Ясно,1960,2,55.5863495,37.2670895
Ясно,1964,2,55.895066,37.673428
Ясно,1974,2,55.800304499999996,37.331639499999994
Ясно,1987,2,55.818780000000004,37.825385999999995
Ясно,1992,3,55.79498066666667,37.582269000000004
Ясно,1999,2,55.782598,37.598025500000006
Ясно,2001,2,55.873607500000006,37.5364365
Ясно,2010,2,55.877140499999996,37.5862245
Ясно,2012,2,55.646105500000004,37.475819
Ясно,2021,5,55.7714134,37.8188962
Ясно,2030,2,55.8017965,37.781912500000004
Ясно,2033,2,55.5684275,37.562095
Ясно,2034,2,55.887975499999996,37.4859735
Пасмурно,1,2,55.703624500000004,37.832702999999995
Пасмурно,2049,2,55.716886,37.744662500000004
Пасмурно,2053,2,55.74973,37.813615999999996
Пасмурно,9,2,55.742495500000004,37.5012785
Пасмурно,10,2,55.4298415,36.8605955
Пасмурно,2058,2,55.615770999999995,37.659915
Пасмурно,12,2,55.750898500000005,37.6970635
Пасмурно,16,3,55.56668466666667,37.601695
Пасмурно,2067,2,55.823957500000006,37.835766
Пасмурно,2068,2,55.860862499999996,37.691179
Пасмурно,23,2,55.713689,37.665022
Пасмурно,2074,2,55.5778505,37.586723000000006
Пасмурно,27,2,55.491629,37.313583
Пасмурно,28,3,55.818994,37.63916733333333
Пасмурно,34,2,55.709011000000004,37.621238
Пасмурно,35,2,55.582353,37.68133
Пасмурно,2085,2,55.711504000000005,37.745172
Пасмурно,39,2,55.8849005,37.720763500000004
Пасмурно,47,2,55.6001445,37.715952
Пасмурно,2097,2,55.7002635,37.7472425
Пасмурно,52,3,55.763026333333336,37.734553999999996
Пасмурно,53,2,55.7823835,37.601448500000004
Пасмурно,2100,3,55.812427,37.798451
Пасмурно,2106,2,55.5859855,37.714267
Пасмурно,61,2,55.620854,37.4718275
Пасмурно,2111,2,55.6446525,37.744641
Пасмурно,63,4,55.69561975,37.733936
Пасмурно,69,2,55.657389,37.796471999999994
Пасмурно,73,2,55.644122499999995,37.707100499999996
Пасмурно,75,2,55.6490295,37.447988499999994
Пасмурно,78,3,55.848965666666665,37.419423
Пасмурно,2127,2,55.6998615,37.7515605
Пасмурно,80,2,55.773565,37.710173999999995
Пасмурно,81,2,55.7629545,37.56327
Пасмурно,2130,2,55.6370385,37.673824999999994
Пасмурно,2131,2,55.622005,37.7459445
Пасмурно,86,4,55.66584975,37.75250775
Пасмурно,88,2,55.709582,37.593096
Пасмурно,91,2,55.7592395,37.646767
Пасмурно,2139,2,55.686899499999996,37.5353695
Пасмурно,93,2,55.880973999999995,37.440988000000004
Пасмурно,96,3,55.68014933333333,37.671679
Пасмурно,97,3,55.80223566666667,37.319412
Пасмурно,2146,2,55.632202500000005,37.6197465
Пасмурно,99,2,55.663450499999996,37.614022500000004
Пасмурно,106,2,55.642627000000005,37.526148
Пасмурно,107,2,55.979528,37.187642499999995
Пасмурно,110,2,55.690642999999994,37.133757
Пасмурно,2160,3,55.64214666666667,37.455865333333335
Пасмурно,117,2,55.644695,37.5825815
Пасмурно,2167,2,55.867079000000004,37.492566499999995
Пасмурно,120,4,55.7775355,37.46348625
Пасмурно,122,2,55.620987,37.671647
Пасмурно,124,2,55.6845285,37.623206499999995
Пасмурно,2172,2,55.709171,37.618813
Пасмурно,127,2,55.6073905,37.4968955
Пасмурно,128,2,55.847620500000005,37.7936445
Пасмурно,130,2,55.847346,37.6633
Пасмурно,131,2,55.784317,37.625572500000004
Пасмурно,2181,3,55.623152,37.59547233333333
Пасмурно,135,2,55.702908,37.5075335
Пасмурно,137,2,55.6384945,37.672467499999996
Пасмурно,2187,2,55.802773,37.719288500000005
Пасмурно,2192,2,55.7149555,37.788323500000004
Пасмурно,2193,2,55.864072,37.6057555
Пасмурно,146,3,55.82059133333333,37.75010366666667
Пасмурно,149,2,55.703340499999996,37.816186
Пасмурно,2197,2,55.786314000000004,37.7278715
Пасмурно,2201,2,55.663172,37.617016
Пасмурно,156,2,55.717749999999995,37.741331
Пасмурно,2205,2,55.640474499999996,37.623759
Пасмурно,157,3,55.79527,37.709062
Пасмурно,161,2,55.765082500000005,37.84318
Пасмурно,163,2,55.8880115,37.6738895
Пасмурно,2212,3,55.80700133333333,37.839682333333336
Пасмурно,166,3,55.802625666666664,37.524426
Пасмурно,167,2,55.6517085,37.7297705
Пасмурно,2218,2,55.618634,37.504953
Пасмурно,2219,3,55.63687066666667,37.74966333333333
Пасмурно,173,2,55.856374,37.355768999999995
Пасмурно,174,2,55.863346500000006,37.549231500000005
Пасмурно,2221,2,55.630491500000005,37.4694355
Пасмурно,179,2,55.50001,37.595059500000005
Пасмурно,2236,2,55.8956795,37.661717499999995
Пасмурно,188,2,55.695235999999994,37.407959000000005
Пасмурно,195,2,55.828956000000005,37.3944515
Пасмурно,196,2,55.503039,37.267159500000005
Пасмурно,198,2,55.981314,37.251318
Пасмурно,199,2,55.7080615,37.483131
Пасмурно,2246,2,55.6561665,37.741626
Пасмурно,206,2,55.595394999999996,37.602869999999996
Пасмурно,2255,3,55.677054,37.858525666666665
Пасмурно,207,2,55.697893,37.462027
Пасмурно,212,2,55.752365499999996,37.369023999999996
Пасмурно,216,2,55.5046765,37.5298495
Пасмурно,2264,2,55.726633,37.46592699999999
Пасмурно,217,2,55.643439,37.469682
Пасмурно,2268,2,55.663998,37.75405
Пасмурно,222,2,55.72037,37.63511
Пасмурно,223,2,55.7894115,37.557551000000004
Пасмурно,224,3,55.601117333333335,37.67095333333333
Пасмурно,225,2,55.7958955,37.292592
Пасмурно,226,2,55.7907175,37.772825499999996
Пасмурно,228,2,55.9055855,37.5876455
Пасмурно,2277,2,55.6446525,37.674302499999996
Пасмурно,233,4,55.67632775,37.505728500000004
Пасмурно,234,2,55.8101325,37.637696000000005
Пасмурно,237,2,55.864059999999995,37.42476
Пасмурно,238,3,55.58836433333333,37.72183666666667
Пасмурно,252,2,55.746729,37.6815175
Пасмурно,253,3,55.823237,37.558379
Пасмурно,2302,2,55.899857,37.628350999999995
Пасмурно,255,2,55.7293365,37.446696
Пасмурно,256,3,55.701424333333335,37.749177333333336
Пасмурно,2307,2,55.635866500000006,37.7010605
Пасмурно,260,2,55.793242000000006,37.813139
Пасмурно,261,2,55.715275500000004,37.5356805
Пасмурно,264,2,55.6417915,37.346166499999995
Пасмурно,265,2,55.588732,37.275983499999995
Пасмурно,266,3,55.634424,37.699735000000004
Пасмурно,271,2,55.788648,37.3720015
Пасмурно,2320,2,55.607381000000004,37.607537
Пасмурно,273,3,55.895942,37.659123
Пасмурно,274,5,55.8074448,37.4084558
Пасмурно,2325,2,55.805665,37.636322500000006
Пасмурно,2326,2,55.8894045,37.7121
Пасмурно,280,2,55.7412875,37.655393000000004
Пасмурно,2330,2,55.7157165,37.452253
Пасмурно,285,2,55.653473,37.777589
Пасмурно,2335,2,55.618618,37.783854500000004
Пасмурно,287,2,55.823364,37.8165185
Пасмурно,289,2,55.5807735,37.701516
Пасмурно,292,2,55.6568535,37.5710375
Пасмурно,2340,2,55.5816225,37.703318499999995
Пасмурно,295,2,55.744703,37.8518325
Пасмурно,296,2,55.713698,37.385830999999996
Пасмурно,297,3,55.732510999999995,37.49580866666667
Пасмурно,2346,2,55.860607,37.562513
Пасмурно,298,2,55.68177,37.843892999999994
Пасмурно,2348,3,55.798334,37.72894266666667
Пасмурно,301,2,55.820543,37.8712895
Пасмурно,303,2,55.734196499999996,37.8548475
Пасмурно,305,5,55.6608952,37.7405606
Пасмурно,308,5,55.8158076,37.7172938
Пасмурно,2356,2,55.6593955,37.5914755
Пасмурно,311,2,55.811519000000004,37.3982925
Пасмурно,314,5,55.687255,37.6030834
Пасмурно,2363,3,55.644714,37.754130333333336
Пасмурно,2362,2,55.871136500000006,37.6382805
Пасмурно,317,3,55.721638,37.90234933333333
Пасмурно,316,2,55.732819500000005,37.416816
Пасмурно,2367,3,55.752703000000004,37.81736266666667
Пасмурно,321,3,55.79554,37.584232
Пасмурно,322,4,55.54576925,37.58509225
Пасмурно,324,3,55.907446,37.541485
Пасмурно,325,2,55.7533375,37.777546
Пасмурно,328,2,55.7233795,37.692241499999994
Пасмурно,329,2,55.6045965,37.737865
Пасмурно,2384,2,55.80009,37.6358825
Пасмурно,338,3,55.55206533333333,37.553776666666664
Пасмурно,339,3,55.566130333333334,37.575470333333335
Пасмурно,340,3,55.82175066666667,37.62400733333333
Пасмурно,341,5,55.6955276,37.8087508
Пасмурно,342,3,55.70797266666666,37.650336333333335
Пасмурно,348,2,55.7696395,37.55628
Пасмурно,350,2,55.616555000000005,37.78018
Пасмурно,351,2,55.784600499999996,37.70209
Пасмурно,352,3,55.98082,37.174415333333336
Пасмурно,353,2,55.7732025,37.589807500000006
Пасмурно,2404,5,55.8696024,37.6644564
Пасмурно,2405,3,55.686357,37.62272033333333
Пасмурно,2407,2,55.750189,37.833819000000005
Пасмурно,363,3,55.78396033333333,37.392103999999996
Пасмурно,365,2,55.637904,37.510677
Пасмурно,2418,2,55.796184999999994,37.493661
Пасмурно,374,2,55.738358,37.586557
Пасмурно,375,2,55.777771,37.5228005
Пасмурно,2423,2,55.809456999999995,37.4620645
Пасмурно,379,3,55.794116333333335,37.454635
Пасмурно,381,2,55.8786815,37.634257500000004
Пасмурно,2430,3,55.62047233333333,37.61394766666667
Пасмурно,384,2,55.616128,37.4862095
Пасмурно,390,2,55.753440499999996,37.84228400000001
Пасмурно,2442,2,55.800632500000006,37.479847500000005
Пасмурно,394,2,55.701627,37.621382499999996
Пасмурно,397,2,55.804443500000005,37.839848
Пасмурно,398,2,55.661789,37.810226
Пасмурно,2447,2,55.8961725,37.653380999999996
Пасмурно,2445,2,55.705,37.595081
Пасмурно,402,2,55.887668500000004,37.5857625
Пасмурно,403,2,55.62845,37.622181999999995
Пасмурно,2454,2,55.703011000000004,37.669941
Пасмурно,2456,3,55.69952766666667,37.83041266666667
Пасмурно,409,2,55.5360505,37.515102999999996
Пасмурно,410,2,55.785466,37.5662685
Пасмурно,413,3,55.850941,37.435101333333336
Пасмурно,416,2,55.657368,37.437753
Пасмурно,417,2,55.68598,37.831098999999995
Пасмурно,418,2,55.663199000000006,37.473603499999996
Пасмурно,419,2,55.7204845,37.7877275
Пасмурно,422,3,55.855239,37.476954666666664
Пасмурно,427,2,55.8901955,37.710566
Пасмурно,428,7,55.98366357142857,37.14679542857143
Пасмурно,431,2,55.791731,37.616355999999996
Пасмурно,2479,2,55.6159645,37.720999500000005
Пасмурно,433,2,55.694824499999996,37.4931945
Пасмурно,2488,3,55.767558666666666,37.822201
Пасмурно,445,4,55.6594955,37.56279225
Пасмурно,447,2,55.7763075,37.503934
Пасмурно,448,3,55.661184999999996,37.545103999999995
Пасмурно,2497,2,55.851758000000004,37.396114499999996
Пасмурно,449,2,55.7585535,37.5527555
Пасмурно,453,2,55.754433500000005,37.8183425
Пасмурно,2503,2,55.6895665,37.5473535
Пасмурно,2504,2,55.5972015,37.603154
Пасмурно,457,2,55.837695999999994,37.5413725
Пасмурно,2505,2,55.8622235,37.465342500000006
Пасмурно,458,3,55.708021333333335,37.810453
Пасмурно,459,2,55.81063,37.79858
Пасмурно,456,2,55.73088,37.6091465
Пасмурно,462,2,55.636802,37.694016500000004
Пасмурно,2510,2,55.851213,37.3540735
Пасмурно,468,2,55.890924,37.528224
Пасмурно,470,2,55.827304999999996,37.824785000000006
Пасмурно,477,2,55.805164500000004,37.81197
Пасмурно,478,2,55.578605499999995,37.6852405
Пасмурно,482,2,55.736138499999996,37.698898
Пасмурно,485,2,55.908818,37.5543275
Пасмурно,2534,2,55.633002000000005,37.761002000000005
Пасмурно,487,3,55.995339,37.231278333333336
Пасмурно,489,2,55.8157055,37.692493
Пасмурно,2540,2,55.880517,37.557449500000004
Пасмурно,492,2,55.881359,37.727142
Пасмурно,495,4,55.622947,37.60854
Пасмурно,502,2,55.797439499999996,37.380230499999996
Пасмурно,505,8,55.690321625,37.62199925
Пасмурно,509,3,55.767138333333335,37.83284066666666
Пасмурно,512,3,55.609188,37.608533
Пасмурно,2561,4,55.61099,37.7177275
Пасмурно,514,2,55.7888025,37.465584
Пасмурно,515,2,55.680158,37.4683895
Пасмурно,518,2,55.7966975,37.717395
Пасмурно,524,2,55.6459695,37.753277
Пасмурно,528,3,55.694279333333334,37.556451333333335
Пасмурно,530,2,55.7086965,37.905589
Пасмурно,536,2,55.7099445,37.747677
Пасмурно,2587,2,55.774473,37.711794499999996
Пасмурно,540,2,55.8410665,37.384296500000005
Пасмурно,545,2,55.66572,37.768882500000004
Пасмурно,2595,3,55.70693966666666,37.73086666666667
Пасмурно,2596,2,55.638785,37.751271
Пасмурно,554,3,55.78646,37.730173
Пасмурно,555,2,55.809794999999994,37.783049500000004
Пасмурно,2602,2,55.712169,37.38656
Пасмурно,557,2,55.572522,37.656583999999995
Пасмурно,560,2,55.7202705,37.703147
Пасмурно,561,2,55.731025,37.6364295
Пасмурно,2615,2,55.6836755,37.737479
Пасмурно,568,2,55.751472,37.716820999999996
Пасмурно,572,2,55.686001000000005,37.737329
Пасмурно,573,5,55.6115852,37.7219416
Пасмурно,574,4,55.74173775,37.546919
Пасмурно,578,6,55.675947,37.85697866666667
Пасмурно,580,4,55.76322925,37.77733675
Пасмурно,581,3,55.808100333333336,37.57091033333333
Пасмурно,2628,2,55.772029,37.590633499999996
Пасмурно,2631,4,55.700259,37.620768
Пасмурно,587,2,55.736262,37.800876
Пасмурно,590,2,55.619294,37.54303
Пасмурно,592,2,55.826341,37.5725075
Пасмурно,2643,3,55.70568,37.76478766666666
Пасмурно,595,4,55.671129,37.7486695
Пасмурно,598,3,55.767279333333335,37.62169033333333
Пасмурно,601,2,55.759037,37.7563835
Пасмурно,602,2,55.6604425,37.416183000000004
Пасмурно,2651,2,55.692197,37.6217045
Пасмурно,606,4,55.7919435,37.55081875
Пасмурно,607,2,55.7524385,37.573268999999996
Пасмурно,608,2,55.867566999999994,37.6774245
Пасмурно,2657,2,55.5809675,37.6718295
Пасмурно,612,2,55.602457,37.589518
Пасмурно,2663,2,55.7118575,37.8379335
Пасмурно,2667,3,55.708993,37.851988
Пасмурно,2669,2,55.8466235,37.36079
Пасмурно,621,2,55.58101,37.6737285
Пасмурно,625,2,55.68347,37.585258499999995
Пасмурно,626,2,55.702343,37.7320775
Пасмурно,629,3,55.813836,37.392818999999996
Пасмурно,630,2,55.685517,37.537714
Пасмурно,2679,2,55.8156245,37.6396805
Пасмурно,631,2,55.898049,37.587833
Пасмурно,2682,2,55.580073,37.576713
Пасмурно,2685,2,55.7927655,37.49254
Пасмурно,642,2,55.691465,37.8604265
Пасмурно,2690,2,55.6728565,37.748879
Пасмурно,644,2,55.572903999999994,37.678180499999996
Пасмурно,643,2,55.8375695,37.438401999999996
Пасмурно,650,3,55.64521466666667,37.61973033333334
Пасмурно,651,2,55.6590115,37.7595485
Пасмурно,652,2,55.7764705,37.553935499999994
Пасмурно,2701,3,55.668632333333335,37.74051933333333
Пасмурно,655,2,55.673897,37.5745725
Пасмурно,658,3,55.698494000000004,37.830165666666666
Пасмурно,663,2,55.6731075,37.6579305
Пасмурно,2713,2,55.615271,37.607349
Пасмурно,665,3,55.617475,37.72812733333333
Пасмурно,666,2,55.624252,37.7111295
Пасмурно,669,2,55.671589,37.739877
Пасмурно,671,2,55.8621995,37.346885
Пасмурно,674,3,55.768721666666664,37.650872666666665
Пасмурно,675,2,55.7601385,37.692504
Пасмурно,676,2,55.593430999999995,37.635566
Пасмурно,678,2,55.7208775,37.6223425
Пасмурно,679,2,55.696109500000006,37.4508635
Пасмурно,680,2,55.611714,37.286804
Пасмурно,684,3,55.82583266666666,37.833666666666666
Пасмурно,685,3,55.876292,37.534797
Пасмурно,686,3,55.710838,37.819179
Пасмурно,687,2,55.7051905,37.843319
Пасмурно,2736,3,55.733141333333336,37.71211266666667
Пасмурно,2743,2,55.650873000000004,37.554676
Пасмурно,697,2,55.793676,37.567481
Пасмурно,701,2,55.735184000000004,37.487315
Пасмурно,702,2,55.874059,37.43682
Пасмурно,703,3,55.54859533333333,37.524973333333335
Пасмурно,706,2,55.859156,37.448997
Пасмурно,708,3,55.651167666666666,37.50628366666667
Пасмурно,2761,2,55.8499515,37.422743499999996
Пасмурно,715,2,55.5977775,37.7437235
Пасмурно,716,2,55.763018,37.3692655
Пасмурно,719,2,55.746258,37.5135255
Пасмурно,720,2,55.8128995,37.578054
Пасмурно,721,3,55.711489,37.627287
Пасмурно,724,2,55.6565175,37.493527
Пасмурно,728,2,55.868551,37.5909235
Пасмурно,729,2,55.6223655,37.656986
Пасмурно,735,3,55.60167066666667,37.50278933333333
Пасмурно,2785,2,55.587635,37.544623
Пасмурно,738,2,55.5715245,37.5985515
Пасмурно,739,2,55.609844499999994,37.534763
Пасмурно,743,2,55.7091705,37.389516
Пасмурно,750,2,55.6996495,37.566274
Пасмурно,751,2,55.551874999999995,37.587265
Пасмурно,752,2,55.801932,37.513493499999996
Пасмурно,753,3,55.658657,37.76940833333333
Пасмурно,756,2,55.591791,37.7294435
Пасмурно,2804,2,55.782875000000004,37.7015755
Пасмурно,2811,3,55.77860866666666,37.52345666666667
Пасмурно,769,4,55.67970325,37.59617775
Пасмурно,772,2,55.6330415,37.8079195
Пасмурно,776,2,55.7829805,37.481097500000004
Пасмурно,2831,2,55.772330999999994,37.824109
Пасмурно,2832,2,55.686304,37.593911500000004
Пасмурно,2833,3,55.796649333333335,37.769276
Пасмурно,792,3,55.591103000000004,37.664262
Пасмурно,2843,2,55.88747,37.587430999999995
Пасмурно,798,2,55.8133305,37.5960305
Пасмурно,801,2,55.7442285,37.821931500000005
Пасмурно,822,2,55.6884325,37.545406
Пасмурно,823,2,55.7996225,37.5029895
Пасмурно,2870,2,55.67867,37.483093499999995
Пасмурно,827,4,55.63847775,37.6908705
Пасмурно,828,3,55.803789333333334,37.782218666666665
Пасмурно,829,4,55.72296825,37.7695825
Пасмурно,2875,2,55.5884685,37.7204205
Пасмурно,834,2,55.905586,37.5283745
Пасмурно,839,2,55.7349155,37.50954
Пасмурно,2887,2,55.756423,37.692756
Пасмурно,2890,2,55.700384,37.73263
Пасмурно,2893,2,55.866136999999995,37.462778
Пасмурно,845,2,55.8793255,37.485899
Пасмурно,2895,2,55.97719,37.162086
Пасмурно,850,3,55.698924999999996,37.500658
Пасмурно,851,2,55.722218999999996,37.575254
Пасмурно,2900,2,55.637114,37.511508500000005
Пасмурно,853,2,55.806782999999996,37.5815305
Пасмурно,854,2,55.7992215,37.5572295
Пасмурно,2903,2,55.677702499999995,37.530649
Пасмурно,2901,2,55.679826,37.8491825
Пасмурно,855,2,55.700901,37.932293
Пасмурно,859,2,55.614862,37.605429
Пасмурно,861,2,55.683448999999996,37.4611205
Пасмурно,862,2,55.833611,37.425812
Пасмурно,865,2,55.87219,37.6921555
Пасмурно,866,2,55.732215,37.831893
Пасмурно,879,2,55.5862855,37.598513999999994
Пасмурно,883,2,55.745162,37.793301
Пасмурно,2932,2,55.8003375,37.5325475
Пасмурно,884,3,55.80518033333333,37.70703066666667
Пасмурно,2933,2,55.727699,37.6800585
Пасмурно,888,3,55.66924133333333,37.44606266666667
Пасмурно,890,2,55.613204999999994,37.5852425
Пасмурно,891,2,55.6591475,37.749887
Пасмурно,2940,2,55.731626,37.704182
Пасмурно,892,3,55.977208,37.154231333333335
Пасмурно,895,3,55.71908366666667,37.782583333333335
Пасмурно,2946,4,55.74344075,37.6549315
Пасмурно,899,2,55.546440000000004,37.531877
Пасмурно,902,2,55.541844999999995,37.515457
Пасмурно,904,2,55.6536695,37.742361
Пасмурно,2955,2,55.836741,37.658102
Пасмурно,911,3,55.77156033333333,37.819383333333334
Пасмурно,912,3,55.80524066666667,37.396577666666666
Пасмурно,914,2,55.7435045,37.583896
Пасмурно,2963,3,55.8796,37.58718233333333
Пасмурно,919,2,55.9055525,37.580467999999996
Пасмурно,921,2,55.757712,37.636022
Пасмурно,2972,2,55.819027,37.4975395
Пасмурно,925,2,55.684589,37.6555325
Пасмурно,926,2,55.8931345,37.7031255
Пасмурно,2978,2,55.8017695,37.636199000000005
Пасмурно,2979,2,55.7413385,37.862078499999996
Пасмурно,2980,2,55.605566,37.74161
Пасмурно,934,3,55.809756666666665,37.839367333333335
Пасмурно,2983,2,55.700740499999995,37.831227999999996
Пасмурно,935,2,55.978139,37.168684999999996
Пасмурно,938,2,55.736742500000005,37.655457
Пасмурно,2989,3,55.809676333333336,37.78182133333333
Пасмурно,2992,2,55.707907500000005,37.877818000000005
Пасмурно,2995,2,55.575524,37.5921625
Пасмурно,952,3,55.716844,37.89993533333333
Пасмурно,3000,2,55.7454665,37.720828
Пасмурно,954,2,55.8806435,37.7232475
Пасмурно,3003,2,55.7130815,37.730290499999995
Пасмурно,957,2,55.7887325,37.3783365
Пасмурно,3005,2,55.810027,37.636821499999996
Пасмурно,959,2,55.8445995,37.558812
Пасмурно,968,2,55.760422000000005,37.737269999999995
Пасмурно,970,2,55.664167500000005,37.4802715
Пасмурно,975,2,55.721805,37.824800999999994
Пасмурно,3023,2,55.6963,37.620808499999995
Пасмурно,982,5,55.676989,37.7623828
Пасмурно,986,3,55.799282999999996,37.79912
Пасмурно,3040,2,55.688185000000004,37.5444835
Пасмурно,999,2,55.85031,37.4836085
Пасмурно,3049,2,55.866044,37.476436
Пасмурно,1004,2,55.851519999999994,37.422239000000005
Пасмурно,1007,2,55.743748499999995,37.841618499999996
Пасмурно,1008,2,55.849457,37.440602
Пасмурно,1009,2,55.718412,37.595874499999994
Пасмурно,3063,2,55.579427,37.684124999999995
Пасмурно,1019,3,55.62893066666667,37.598894666666666
Пасмурно,1021,2,55.794734500000004,37.573591
Пасмурно,1024,2,55.65419,37.598396
Пасмурно,3072,2,55.9054475,37.586707000000004
Пасмурно,1028,2,55.5685915,37.5916905
Пасмурно,1031,2,55.771682,37.5935575
Пасмурно,1035,2,55.6220535,37.743235
Пасмурно,3083,2,55.8989365,37.5869
Пасмурно,1039,2,55.7566975,37.558742499999994
Пасмурно,1040,2,55.8059875,37.7249805
Пасмурно,3090,2,55.6769005,37.5066375
Пасмурно,1043,2,55.735664,37.70334
Пасмурно,3100,2,55.879442499999996,37.484756
Пасмурно,1054,2,55.789146,37.3903045
Пасмурно,3103,2,55.70695550000001,37.6681655
Пасмурно,1056,2,55.8027615,37.6362365
Пасмурно,3107,2,55.594479500000006,37.602205
Пасмурно,3111,2,55.898635999999996,37.576911
Пасмурно,3112,2,55.5958015,37.3037445
Пасмурно,1064,2,55.679251,37.642711500000004
Пасмурно,1068,2,55.846669,37.349374499999996
Пасмурно,1069,3,55.628751,37.617244666666664
Пасмурно,1070,3,55.69975133333333,37.402128000000005
Пасмурно,1072,2,55.673852,37.5238415
Пасмурно,3120,2,55.8798155,37.72262
Пасмурно,1074,2,55.787409,37.6750745
Пасмурно,1079,2,55.85171,37.61222050000001
Пасмурно,3128,2,55.728071,37.473582
Пасмурно,1084,2,55.853444499999995,37.4993475
Пасмурно,3138,2,55.7974575,37.7291265
Пасмурно,1095,2,55.7845435,37.370333
Пасмурно,1097,3,55.84302433333333,37.369022333333334
Пасмурно,3146,2,55.663614,37.4827285
Пасмурно,3149,3,55.80907533333333,37.63710366666667
Пасмурно,1102,2,55.6975215,37.785464000000005
Пасмурно,1106,6,55.62235833333333,37.615041833333336
Пасмурно,1107,2,55.660352,37.7796865
Пасмурно,1108,2,55.749962499999995,37.435366
Пасмурно,1117,3,55.710921,37.937143
Пасмурно,1123,2,55.711362,37.6717705
Пасмурно,1127,2,55.7703485,37.7153775
Пасмурно,1129,2,55.795626999999996,37.4833665
Пасмурно,3182,2,55.5752395,37.609822
Пасмурно,1145,2,55.585528,37.678095
Пасмурно,1149,2,55.7346195,37.224683999999996
Пасмурно,3200,2,55.7181005,37.57034
Пасмурно,1152,2,55.718974,37.423795
Пасмурно,3201,3,55.609428666666666,37.767087333333336
Пасмурно,3205,2,55.61422,37.488119499999996
Пасмурно,1158,3,55.70510566666667,37.766962
Пасмурно,1170,3,55.706322666666665,37.758601
Пасмурно,1174,2,55.77587,37.4932965
Пасмурно,1180,2,55.6371865,37.3639065
Пасмурно,1187,2,55.757072,37.746990499999995
Пасмурно,1189,2,55.667368499999995,37.5933855
Пасмурно,1190,2,55.6897205,37.484391
Пасмурно,1192,2,55.756586,37.584143
Пасмурно,1194,2,55.769298000000006,37.8452235
Пасмурно,1200,2,55.815555,37.7018435
Пасмурно,1206,4,55.8520245,37.451834500000004
Пасмурно,1208,2,55.759544,37.8427075
Пасмурно,1214,2,55.799375,37.734357
Пасмурно,1218,2,55.7378415,37.763201499999994
Пасмурно,1222,2,55.6671235,37.807608
Пасмурно,1223,2,55.595682999999994,37.59610000000001
Пасмурно,1233,5,55.6012546,37.7225554
Пасмурно,1237,2,55.713435000000004,37.811068000000006
Пасмурно,1238,2,55.6192815,37.7128725
Пасмурно,1239,2,55.8696105,37.440419500000004
Пасмурно,1243,2,55.576986000000005,37.5903225
Пасмурно,1250,3,55.72937966666667,37.56495233333333
Пасмурно,1254,2,55.6470015,37.5749
Пасмурно,1256,2,55.6638985,37.578971499999994
Пасмурно,1259,2,55.666452,37.838046
Пасмурно,1262,2,55.6045325,37.713479
Пасмурно,3315,3,55.70450733333333,37.76629666666667
Пасмурно,1269,2,55.857476,37.567406000000005
Пасмурно,1272,2,55.789043500000005,37.47995
Пасмурно,1276,2,55.803633000000005,37.464473
Пасмурно,1278,2,55.729001,37.493376999999995
Пасмурно,1285,2,55.620063,37.717706
Пасмурно,1292,2,55.7749015,37.6510635
Пасмурно,1297,2,55.575755,37.601738
Пасмурно,1302,2,55.571948500000005,37.6692975
Пасмурно,1309,2,55.801950500000004,37.712469999999996
Пасмурно,1310,2,55.864641,37.6619105
Пасмурно,1312,2,55.581635000000006,37.571563
Пасмурно,1315,2,55.8720665,37.683963500000004
Пасмурно,1326,2,55.745025999999996,37.572191000000004
Пасмурно,1327,2,55.996329,37.216648
Пасмурно,1356,2,55.802544499999996,37.546039
Пасмурно,1364,2,55.7667545,37.36935149999999
Пасмурно,1370,2,55.7093675,37.658150500000005
Пасмурно,1394,4,55.77924,37.46093025
Пасмурно,1396,2,55.5751575,37.6530595
Пасмурно,1400,2,55.7028355,37.626484000000005
Пасмурно,1409,2,55.845533,37.580349999999996
Пасмурно,1422,2,55.769642000000005,37.656819999999996
Пасмурно,1425,2,55.702467,37.8495635
Пасмурно,1432,2,55.7224245,37.6558435
Пасмурно,1436,2,55.713465,37.717931
Пасмурно,1438,2,55.754569000000004,37.707331
Пасмурно,1440,3,55.605745999999996,37.534704
Пасмурно,1441,3,55.82451066666667,37.60230633333333
Пасмурно,1442,2,55.6924995,37.446856499999996
Пасмурно,1444,2,55.7526705,37.582522499999996
Пасмурно,1445,2,55.908391,37.550154
Пасмурно,1456,2,55.821790500000006,37.648301000000004
Пасмурно,1465,2,55.6801825,37.532880500000005
Пасмурно,1468,2,55.689578499999996,37.736181
Пасмурно,1471,3,55.83271633333333,37.453490333333335
Пасмурно,1472,2,55.6932915,37.558977999999996
Пасмурно,1474,2,55.6837905,37.599796
Пасмурно,1479,2,55.599332000000004,37.7475
Пасмурно,1480,2,55.814057000000005,37.502523
Пасмурно,1482,3,55.78964066666667,37.682429666666664
Пасмурно,1494,4,55.8184335,37.49819125
Пасмурно,1536,2,55.592382,37.600987
Пасмурно,1541,2,55.555955999999995,37.5877315
Пасмурно,1549,2,55.671126,37.762386
Пасмурно,1551,2,55.575646,37.686935500000004
Пасмурно,1557,2,55.760353,37.561021999999994
Пасмурно,1561,2,55.818165,37.617193
Пасмурно,1572,2,55.642300500000005,37.619891
Пасмурно,1578,2,55.732526,37.612306000000004
Пасмурно,1582,2,55.743591499999994,37.874728
Пасмурно,1583,2,55.704755,37.6352445
Пасмурно,1586,2,55.7084545,37.667902999999995
Пасмурно,1592,2,55.8612995,37.5019975
Пасмурно,1596,2,55.7570325,37.5337545
Пасмурно,1598,3,55.630602333333336,37.75147333333334
Пасмурно,1605,2,55.8842115,37.688808
Пасмурно,1609,2,55.5873435,37.5463555
Пасмурно,1629,2,55.806539,37.798762499999995
Пасмурно,1632,2,55.7979215,37.722802
Пасмурно,1633,2,55.814826,37.3900635
Пасмурно,1640,2,55.733668,37.701826999999994
Пасмурно,1656,2,55.6129015,37.6104175
Пасмурно,1672,2,55.655207000000004,37.7597525
Пасмурно,1680,2,55.7101105,37.598074
Пасмурно,1682,3,55.83269833333333,37.35581166666667
Пасмурно,1684,2,55.865336,37.5055805
Пасмурно,1685,3,55.681137,37.62422566666667
Пасмурно,1688,5,55.8897316,37.5867178
Пасмурно,1690,2,55.730342500000006,37.7439325
Пасмурно,1691,2,55.839238,37.4812855
Пасмурно,1697,2,55.7940865,37.4945675
Пасмурно,1700,2,55.893267,37.662645499999996
Пасмурно,1709,2,55.8551515,37.4374745
Пасмурно,1710,2,55.769304000000005,37.512237999999996
Пасмурно,1716,2,55.68842050000001,37.6184965
Пасмурно,1725,2,55.7596465,37.6835885
Пасмурно,1726,2,55.6183395,37.606877
Пасмурно,1727,2,55.738071500000004,37.5255845
Пасмурно,1729,2,55.7522785,37.7213055
Пасмурно,1730,2,55.637474499999996,37.522838
Пасмурно,1736,2,55.7754115,37.819732
Пасмурно,1740,2,55.591302999999996,37.5305735
Пасмурно,1744,2,55.665541000000005,37.749088
Пасмурно,1759,2,55.7811375,37.746561
Пасмурно,1765,2,55.712399,37.606753499999996
Пасмурно,1772,2,55.7630055,37.560389
Пасмурно,1791,2,55.699861,37.742704
Пасмурно,1793,2,55.862395500000005,37.584298000000004
Пасмурно,1797,2,55.531281,37.527956
Пасмурно,1809,2,55.844723,37.4553645
Пасмурно,1810,3,55.860221,37.495694
Пасмурно,1815,2,55.706922000000006,37.579143
Пасмурно,1819,2,55.8548325,37.562293
Пасмурно,1821,2,55.7617685,37.539779
Пасмурно,1823,3,55.721124,37.43742566666667
Пасмурно,1843,2,55.7786035,37.5806825
Пасмурно,1854,2,55.7468405,37.6837115
Пасмурно,1879,3,55.863465999999995,37.566651
Пасмурно,1882,2,55.980740999999995,37.170557
Пасмурно,1886,2,55.5724005,37.660178
Пасмурно,1890,2,55.645405999999994,37.451974
Пасмурно,1891,2,55.847244,37.382494
Пасмурно,1908,2,55.680904999999996,37.7493825
Пасмурно,1909,2,55.6213385,37.4798695
Пасмурно,1910,2,55.885752,37.392558
Пасмурно,1932,2,55.761974,37.5713965
Пасмурно,1942,2,55.711628000000005,37.6217685
Пасмурно,1949,2,55.868764999999996,37.496348499999996
Пасмурно,1952,2,55.8951885,37.557486999999995
Пасмурно,1966,2,55.648182500000004,37.741068
Пасмурно,1971,2,55.728216,37.6343375
Пасмурно,1974,2,55.8107295,37.811707
Пасмурно,1975,3,55.693481,37.536256
Пасмурно,1995,2,55.736549499999995,37.4847295
Пасмурно,2019,2,55.5734715,37.637744
Пасмурно,2020,3,55.66475333333334,37.471214333333336
Пасмурно,2023,3,55.71171666666667,37.666025
Пасмурно,2038,2,55.793093999999996,37.565303
Снегопад,128,2,55.5931975,37.6013145
Снегопад,131,2,55.759809,37.5577655
Снегопад,5,2,55.67619,37.503043500000004
Снегопад,8,2,55.7339065,37.4025675
Снегопад,9,2,55.750442500000005,37.659309
Снегопад,138,2,55.7910615,37.567583
Снегопад,10,2,55.994108499999996,37.2147595
Снегопад,140,2,55.6493655,37.529077
Снегопад,15,2,55.8489365,37.4513355
Снегопад,18,2,55.722935,37.576831
Снегопад,21,4,55.595221,37.73742575
Снегопад,23,2,55.7123165,37.888589499999995
Снегопад,24,2,55.650195,37.660225999999994
Снегопад,156,2,55.8056345,37.5734295
Снегопад,158,2,55.608587,37.7164135
Снегопад,159,2,55.5926215,37.724089500000005
Снегопад,32,2,55.705009000000004,37.622359
Снегопад,161,2,55.715182,37.5702275
Снегопад,38,2,55.656454,37.6124455
Снегопад,39,3,55.67405133333333,37.468561
Снегопад,168,2,55.7278685,37.6796885
Снегопад,41,2,55.7061665,37.747473
Снегопад,43,2,55.831064999999995,37.4905925
Снегопад,171,2,55.6017785,37.326854499999996
Снегопад,46,2,55.8765175,37.4280435
Снегопад,47,2,55.7470395,37.5595895
Снегопад,53,2,55.5925395,37.524147
Снегопад,58,2,55.831571,37.5573635
Снегопад,59,2,55.680161,37.663724
Снегопад,60,3,55.626170333333334,37.708679333333336
Снегопад,70,2,55.8039465,37.515698
Снегопад,78,2,55.636928999999995,37.3313715
Снегопад,80,2,55.6800075,37.624585499999995
Снегопад,88,2,55.646714,37.717126500000006
Снегопад,89,2,55.730701499999995,37.6659715
Снегопад,101,2,55.573271500000004,37.679302
Снегопад,105,2,55.6430055,37.4545705
Снегопад,107,2,55.632311,37.620052
Снегопад,108,2,55.7492165,37.497904500000004
Снегопад,115,2,55.84503049999999,37.495414999999994
Снегопад,127,2,55.713411,37.734588
Дождь,129,2,55.729424,37.734061999999994
Дождь,4,2,55.7053475,37.579154
Дождь,6,2,55.728469000000004,37.840122
Дождь,135,2,55.763709500000004,37.7287295
Дождь,263,2,55.652262,37.411918
Дождь,7,2,55.5756215,37.60296099999999
Дождь,138,2,55.7402575,37.4963275
Дождь,268,2,55.750174,37.7105875
Дождь,14,3,55.600578,37.50418766666667
Дождь,15,2,55.7892695,37.48628
Дождь,145,2,55.725711000000004,37.460578999999996
Дождь,146,3,55.835604333333336,37.53362766666667
Дождь,19,2,55.880123,37.48216
Дождь,147,2,55.80312,37.525896
Дождь,277,2,55.5675295,37.562551
Дождь,22,2,55.583257,37.676132
Дождь,24,3,55.65395633333333,37.606022
Дождь,153,2,55.752193500000004,37.831072500000005
Дождь,282,2,55.687888,37.601684
Дождь,25,2,55.6474195,37.5148185
Дождь,157,2,55.624192,37.7942935
Дождь,161,2,55.68494,37.566901
Дождь,291,2,55.68494,37.8473475
Дождь,38,2,55.666028499999996,37.552836
Дождь,171,2,55.845268,37.47716
Дождь,45,2,55.79915200000001,37.5726735
Дождь,174,3,55.752256,37.573296
Дождь,175,2,55.8702425,37.460417500000005
Дождь,49,2,55.744144500000004,37.650398499999994
Дождь,177,2,55.8541065,37.5101245
Дождь,179,2,55.641101500000005,37.5014445
Дождь,52,4,55.80091025,37.39078475
Дождь,55,3,55.795224,37.709055
Дождь,183,2,55.7866245,37.562712000000005
Дождь,186,2,55.606578,37.351917
Дождь,59,3,55.679566666666666,37.595737
Дождь,315,2,55.6750105,37.469811
Дождь,62,2,55.767536,37.538481000000004
Дождь,63,3,55.61398333333333,37.668467666666665
Дождь,66,2,55.610678,37.5429495
Дождь,68,2,55.674417,37.4411595
Дождь,69,2,55.671927499999995,37.762799
Дождь,70,2,55.659867500000004,37.527280000000005
Дождь,72,2,55.7991765,37.340405000000004
Дождь,202,2,55.8051495,37.7991915
Дождь,76,2,55.8105545,37.839489
Дождь,77,2,55.679399000000004,37.5113585
Дождь,79,2,55.777592999999996,37.5140405
Дождь,83,2,55.644149999999996,37.3624205
Дождь,84,2,55.567648,37.57998499999999
Дождь,86,2,55.813649999999996,37.5021955
Дождь,215,3,55.808580666666664,37.70668033333333
Дождь,93,2,55.637044,37.687182500000006
Дождь,94,2,55.6933855,37.5491935
Дождь,224,3,55.69647233333333,37.805518
Дождь,229,2,55.691172,37.859868500000005
Дождь,106,3,55.732160666666665,37.543906
Дождь,236,2,55.7498115,37.640201
Дождь,240,2,55.8652795,37.5019705
Дождь,241,3,55.755328999999996,37.842521999999995
Дождь,243,2,55.808767,37.7239985
Дождь,116,3,55.679163,37.53252666666667
Дождь,119,2,55.6010775,37.520182500000004
Дождь,248,2,55.774865500000004,37.5435125
Дождь,123,2,55.8484695,37.4246265
Дождь,125,2,55.708164499999995,37.765170499999996
Дождь,127,2,55.7470575,37.600198500000005
